{
  "timestamp": "2026-01-06T21:09:17.705783",
  "model_parameters": {
    "literature_params": {
      "global_pwid_population": 15600000,
      "global_pwid_hiv_prevalence": 0.178,
      "us_pwid_population": 3500000,
      "meth_hr_hiv_seroconversion": 1.46,
      "meth_persistent_aor": 7.11,
      "meth_opioid_couse_2012": 0.043,
      "meth_opioid_couse_2018": 0.143,
      "criminalization_negative_effect_rate": 0.8,
      "incarceration_hiv_rr": 1.81,
      "pwid_stigma_experienced": 0.88,
      "pwid_stigma_affecting_care": 0.78,
      "rural_pwid_stigma": 0.62,
      "unstable_housing_hiv_arr": 1.39,
      "pwid_homelessness_rate": 0.685,
      "pwid_prep_uptake": 0.015,
      "global_pwid_art_coverage": 0.04,
      "who_required_syringes_per_pwid": 200,
      "actual_syringes_per_pwid": 22,
      "who_required_oat_coverage": 0.4,
      "actual_oat_coverage": 0.08,
      "cab_la_insti_resistance_rate": 0.63,
      "cab_la_detection_delay_median_days": 98,
      "vulnerable_us_counties": 220,
      "vulnerable_counties_with_ssp": 0.21,
      "scott_county_cases": 215,
      "massachusetts_cases": 180,
      "cabell_county_cases": 82,
      "kanawha_county_cases": 85,
      "baseline_annual_outbreak_prob": 0.03,
      "covid_disruption_outbreak_prob": 0.25,
      "high_risk_outbreak_prob": 0.33
    }
  },
  "cascade_results": [
    {
      "scenario": "Current Policy",
      "n_individuals": 100000,
      "years": 5,
      "achieved_r0_zero": 0,
      "completed_cascade": 5,
      "incarceration_disrupted": 5,
      "step_failure_counts": {
        "awareness": 89939,
        "willingness": 7035,
        "healthcare_access": 1969,
        "disclosure": 757,
        "provider_willing": 193,
        "hiv_testing_adequate": 56,
        "first_injection": 29,
        "sustained_engagement": 17
      },
      "barrier_attribution_totals": {
        "pathogen_biology": 0.0,
        "hiv_testing": 0.25,
        "policy": 1.4000000000000001,
        "stigma": 0.75,
        "infrastructure": 0.8,
        "research_exclusion": 0.15000000000000002,
        "machine_learning": 0.3
      },
      "step_probabilities": {
        "awareness": 0.09999999999999995,
        "willingness": 0.3000000000000001,
        "healthcare_access": 0.35,
        "disclosure": 0.24999999999999997,
        "provider_willing": 0.35,
        "hiv_testing_adequate": 0.44999999999999996,
        "first_injection": 0.44999999999999996,
        "sustained_engagement": 0.24999999999999994
      },
      "theoretical_cascade_probability": 4.6511718749999956e-05,
      "incarceration_survival_probability": 0.16806999999999994,
      "theoretical_r0_zero_probability": 7.81722457031249e-06,
      "observed_r0_zero_rate": 0.0,
      "observed_cascade_completion_rate": 5e-05,
      "r0_zero_95ci": [
        0,
        0.0
      ],
      "barrier_decomposition_pct": {
        "pathogen_biology": 0.0,
        "hiv_testing": 6.8493150684931505,
        "policy": 38.35616438356165,
        "stigma": 20.547945205479454,
        "infrastructure": 21.917808219178085,
        "research_exclusion": 4.109589041095891,
        "machine_learning": 8.21917808219178
      },
      "three_layer_decomposition": {
        "pathogen_biology": 0.0,
        "hiv_testing": 6.8493150684931505,
        "architectural": 93.15068493150685
      }
    },
    {
      "scenario": "Decriminalization Only",
      "n_individuals": 100000,
      "years": 5,
      "achieved_r0_zero": 145,
      "completed_cascade": 234,
      "incarceration_disrupted": 89,
      "step_failure_counts": {
        "awareness": 65032,
        "willingness": 12409,
        "healthcare_access": 12392,
        "disclosure": 4572,
        "provider_willing": 3379,
        "hiv_testing_adequate": 1099,
        "first_injection": 517,
        "sustained_engagement": 366
      },
      "barrier_attribution_totals": {
        "pathogen_biology": 0.0,
        "hiv_testing": 0.25,
        "policy": 0.0,
        "stigma": 0.75,
        "infrastructure": 0.8,
        "research_exclusion": 0.15000000000000002,
        "machine_learning": 0.3
      },
      "step_probabilities": {
        "awareness": 0.34999999999999987,
        "willingness": 0.65,
        "healthcare_access": 0.44999999999999996,
        "disclosure": 0.5499999999999999,
        "provider_willing": 0.4,
        "hiv_testing_adequate": 0.5,
        "first_injection": 0.5499999999999999,
        "sustained_engagement": 0.45
      },
      "theoretical_cascade_probability": 0.0027871593749999985,
      "incarceration_survival_probability": 0.6240321451000002,
      "theoretical_r0_zero_probability": 0.0017392770435168247,
      "observed_r0_zero_rate": 0.00145,
      "observed_cascade_completion_rate": 0.00234,
      "r0_zero_95ci": [
        0.0012141559193874054,
        0.0016858440806125944
      ],
      "barrier_decomposition_pct": {
        "pathogen_biology": 0.0,
        "hiv_testing": 11.11111111111111,
        "policy": 0.0,
        "stigma": 33.33333333333333,
        "infrastructure": 35.55555555555556,
        "research_exclusion": 6.666666666666668,
        "machine_learning": 13.333333333333334
      },
      "three_layer_decomposition": {
        "pathogen_biology": 0.0,
        "hiv_testing": 11.11111111111111,
        "architectural": 88.88888888888889
      }
    },
    {
      "scenario": "Decrim + Stigma Reduction",
      "n_individuals": 100000,
      "years": 5,
      "achieved_r0_zero": 440,
      "completed_cascade": 721,
      "incarceration_disrupted": 281,
      "step_failure_counts": {
        "awareness": 61650,
        "willingness": 10921,
        "healthcare_access": 14121,
        "disclosure": 4736,
        "provider_willing": 3791,
        "hiv_testing_adequate": 2422,
        "first_injection": 982,
        "sustained_engagement": 656
      },
      "barrier_attribution_totals": {
        "pathogen_biology": 0.0,
        "hiv_testing": 0.25,
        "policy": 0.0,
        "stigma": 0.26249999999999996,
        "infrastructure": 0.8,
        "research_exclusion": 0.15000000000000002,
        "machine_learning": 0.3
      },
      "step_probabilities": {
        "awareness": 0.38249999999999995,
        "willingness": 0.715,
        "healthcare_access": 0.48250000000000004,
        "disclosure": 0.6475,
        "provider_willing": 0.5625,
        "hiv_testing_adequate": 0.5,
        "first_injection": 0.5825,
        "sustained_engagement": 0.5149999999999999
      },
      "theoretical_cascade_probability": 0.007208920922175382,
      "incarceration_survival_probability": 0.6240321451000002,
      "theoretical_r0_zero_probability": 0.004498598386921375,
      "observed_r0_zero_rate": 0.0044,
      "observed_cascade_completion_rate": 0.00721,
      "r0_zero_95ci": [
        0.003989772421404899,
        0.004810227578595102
      ],
      "barrier_decomposition_pct": {
        "pathogen_biology": 0.0,
        "hiv_testing": 14.184397163120568,
        "policy": 0.0,
        "stigma": 14.893617021276592,
        "infrastructure": 45.39007092198582,
        "research_exclusion": 8.510638297872342,
        "machine_learning": 17.02127659574468
      },
      "three_layer_decomposition": {
        "pathogen_biology": 0.0,
        "hiv_testing": 14.184397163120568,
        "architectural": 85.81560283687944
      }
    },
    {
      "scenario": "SSP-Integrated Delivery",
      "n_individuals": 100000,
      "years": 5,
      "achieved_r0_zero": 4384,
      "completed_cascade": 7043,
      "incarceration_disrupted": 2659,
      "step_failure_counts": {
        "awareness": 35375,
        "willingness": 11009,
        "healthcare_access": 9813,
        "disclosure": 14580,
        "provider_willing": 11700,
        "hiv_testing_adequate": 6948,
        "first_injection": 591,
        "sustained_engagement": 2941
      },
      "barrier_attribution_totals": {
        "pathogen_biology": 0.0,
        "hiv_testing": 0.25,
        "policy": 0.0,
        "stigma": 0.1575,
        "infrastructure": 0.23999999999999996,
        "research_exclusion": 0.15000000000000002,
        "machine_learning": 0.3
      },
      "step_probabilities": {
        "awareness": 0.6445,
        "willingness": 0.829,
        "healthcare_access": 0.8145000000000001,
        "disclosure": 0.6685,
        "provider_willing": 0.5975,
        "hiv_testing_adequate": 0.605,
        "first_injection": 0.9445,
        "sustained_engagement": 0.6989999999999998
      },
      "theoretical_cascade_probability": 0.06942923415455196,
      "incarceration_survival_probability": 0.6240321451000002,
      "theoretical_r0_zero_probability": 0.04332607392211526,
      "observed_r0_zero_rate": 0.04384,
      "observed_cascade_completion_rate": 0.07043,
      "r0_zero_95ci": [
        0.0425710145872271,
        0.045108985412772896
      ],
      "barrier_decomposition_pct": {
        "pathogen_biology": 0.0,
        "hiv_testing": 22.779043280182236,
        "policy": 0.0,
        "stigma": 14.350797266514808,
        "infrastructure": 21.86788154897494,
        "research_exclusion": 13.667425968109342,
        "machine_learning": 27.33485193621868
      },
      "three_layer_decomposition": {
        "pathogen_biology": 0.0,
        "hiv_testing": 22.779043280182236,
        "architectural": 77.22095671981776
      }
    },
    {
      "scenario": "Full Harm Reduction",
      "n_individuals": 100000,
      "years": 5,
      "achieved_r0_zero": 9432,
      "completed_cascade": 9432,
      "incarceration_disrupted": 0,
      "step_failure_counts": {
        "awareness": 33065,
        "willingness": 10864,
        "healthcare_access": 8199,
        "disclosure": 15229,
        "provider_willing": 12607,
        "hiv_testing_adequate": 6471,
        "first_injection": 418,
        "sustained_engagement": 3715
      },
      "barrier_attribution_totals": {
        "pathogen_biology": 0.0,
        "hiv_testing": 0.2,
        "policy": 0.0,
        "stigma": 0.10499999999999997,
        "infrastructure": 0.11999999999999998,
        "research_exclusion": 0.15000000000000002,
        "machine_learning": 0.3
      },
      "step_probabilities": {
        "awareness": 0.6705,
        "willingness": 0.836,
        "healthcare_access": 0.8555,
        "disclosure": 0.6789999999999999,
        "provider_willing": 0.615,
        "hiv_testing_adequate": 0.6775,
        "first_injection": 0.9705,
        "sustained_engagement": 0.7209999999999999
      },
      "theoretical_cascade_probability": 0.09493143975566562,
      "incarceration_survival_probability": 1.0,
      "theoretical_r0_zero_probability": 0.09493143975566562,
      "observed_r0_zero_rate": 0.09432,
      "observed_cascade_completion_rate": 0.09432,
      "r0_zero_95ci": [
        0.09250847072790926,
        0.09613152927209075
      ],
      "barrier_decomposition_pct": {
        "pathogen_biology": 0.0,
        "hiv_testing": 22.857142857142858,
        "policy": 0.0,
        "stigma": 11.999999999999996,
        "infrastructure": 13.714285714285712,
        "research_exclusion": 17.142857142857146,
        "machine_learning": 34.285714285714285
      },
      "three_layer_decomposition": {
        "pathogen_biology": 0.0,
        "hiv_testing": 22.857142857142858,
        "architectural": 77.14285714285714
      }
    },
    {
      "scenario": "Full HR + PURPOSE-4 Data",
      "n_individuals": 100000,
      "years": 5,
      "achieved_r0_zero": 11865,
      "completed_cascade": 11865,
      "incarceration_disrupted": 0,
      "step_failure_counts": {
        "awareness": 28127,
        "willingness": 11745,
        "healthcare_access": 8741,
        "disclosure": 16453,
        "provider_willing": 9974,
        "hiv_testing_adequate": 7919,
        "first_injection": 533,
        "sustained_engagement": 4643
      },
      "barrier_attribution_totals": {
        "pathogen_biology": 0.0,
        "hiv_testing": 0.2,
        "policy": 0.0,
        "stigma": 0.10499999999999997,
        "infrastructure": 0.11999999999999998,
        "research_exclusion": 0.0,
        "machine_learning": 0.3
      },
      "step_probabilities": {
        "awareness": 0.7205,
        "willingness": 0.836,
        "healthcare_access": 0.8555,
        "disclosure": 0.6789999999999999,
        "provider_willing": 0.715,
        "hiv_testing_adequate": 0.6775,
        "first_injection": 0.9705,
        "sustained_engagement": 0.7209999999999999
      },
      "theoretical_cascade_probability": 0.11859768083745126,
      "incarceration_survival_probability": 1.0,
      "theoretical_r0_zero_probability": 0.11859768083745126,
      "observed_r0_zero_rate": 0.11865,
      "observed_cascade_completion_rate": 0.11865,
      "r0_zero_95ci": [
        0.11664569344389637,
        0.12065430655610364
      ],
      "barrier_decomposition_pct": {
        "pathogen_biology": 0.0,
        "hiv_testing": 27.586206896551722,
        "policy": 0.0,
        "stigma": 14.482758620689651,
        "infrastructure": 16.551724137931032,
        "research_exclusion": 0.0,
        "machine_learning": 41.37931034482759
      },
      "three_layer_decomposition": {
        "pathogen_biology": 0.0,
        "hiv_testing": 27.586206896551722,
        "architectural": 72.41379310344827
      }
    },
    {
      "scenario": "Full HR + Algorithmic Debiasing",
      "n_individuals": 100000,
      "years": 5,
      "achieved_r0_zero": 17468,
      "completed_cascade": 17468,
      "incarceration_disrupted": 0,
      "step_failure_counts": {
        "awareness": 17932,
        "willingness": 9512,
        "healthcare_access": 10466,
        "disclosure": 19821,
        "provider_willing": 7738,
        "hiv_testing_adequate": 11170,
        "first_injection": 680,
        "sustained_engagement": 5213
      },
      "barrier_attribution_totals": {
        "pathogen_biology": 0.0,
        "hiv_testing": 0.2,
        "policy": 0.0,
        "stigma": 0.10499999999999997,
        "infrastructure": 0.11999999999999998,
        "research_exclusion": 0.0,
        "machine_learning": 0.0
      },
      "step_probabilities": {
        "awareness": 0.8205,
        "willingness": 0.886,
        "healthcare_access": 0.8555,
        "disclosure": 0.6789999999999999,
        "provider_willing": 0.815,
        "hiv_testing_adequate": 0.6775,
        "first_injection": 0.9705,
        "sustained_engagement": 0.7709999999999999
      },
      "theoretical_cascade_probability": 0.17446926098616503,
      "incarceration_survival_probability": 1.0,
      "theoretical_r0_zero_probability": 0.17446926098616503,
      "observed_r0_zero_rate": 0.17468,
      "observed_cascade_completion_rate": 0.17468,
      "r0_zero_95ci": [
        0.17232663739763682,
        0.1770333626023632
      ],
      "barrier_decomposition_pct": {
        "pathogen_biology": 0.0,
        "hiv_testing": 47.05882352941177,
        "policy": 0.0,
        "stigma": 24.70588235294117,
        "infrastructure": 28.235294117647054,
        "research_exclusion": 0.0,
        "machine_learning": 0.0
      },
      "three_layer_decomposition": {
        "pathogen_biology": 0.0,
        "hiv_testing": 47.05882352941177,
        "architectural": 52.941176470588225
      }
    },
    {
      "scenario": "Theoretical Maximum",
      "n_individuals": 100000,
      "years": 5,
      "achieved_r0_zero": 19894,
      "completed_cascade": 19894,
      "incarceration_disrupted": 0,
      "step_failure_counts": {
        "awareness": 17203,
        "willingness": 8300,
        "healthcare_access": 10267,
        "disclosure": 19360,
        "provider_willing": 6687,
        "hiv_testing_adequate": 12225,
        "first_injection": 611,
        "sustained_engagement": 5453
      },
      "barrier_attribution_totals": {
        "pathogen_biology": 0.0,
        "hiv_testing": 0.2,
        "policy": 0.0,
        "stigma": 0.0,
        "infrastructure": 0.11999999999999998,
        "research_exclusion": 0.0,
        "machine_learning": 0.0
      },
      "step_probabilities": {
        "awareness": 0.8275,
        "willingness": 0.9,
        "healthcare_access": 0.8625,
        "disclosure": 0.7,
        "provider_willing": 0.85,
        "hiv_testing_adequate": 0.6775,
        "first_injection": 0.9775,
        "sustained_engagement": 0.7849999999999999
      },
      "theoretical_cascade_probability": 0.19869287950879544,
      "incarceration_survival_probability": 1.0,
      "theoretical_r0_zero_probability": 0.19869287950879544,
      "observed_r0_zero_rate": 0.19894,
      "observed_cascade_completion_rate": 0.19894,
      "r0_zero_95ci": [
        0.1964657154044487,
        0.2014142845955513
      ],
      "barrier_decomposition_pct": {
        "pathogen_biology": 0.0,
        "hiv_testing": 62.5,
        "policy": 0.0,
        "stigma": 0.0,
        "infrastructure": 37.49999999999999,
        "research_exclusion": 0.0,
        "machine_learning": 0.0
      },
      "three_layer_decomposition": {
        "pathogen_biology": 0.0,
        "hiv_testing": 62.5,
        "architectural": 37.49999999999999
      }
    }
  ],
  "msm_comparison": {
    "population": "MSM",
    "cascade_steps": {
      "awareness": 0.9,
      "willingness": 0.85,
      "healthcare_access": 0.8,
      "disclosure": 0.75,
      "provider_willing": 0.9,
      "hiv_testing_adequate": 0.85,
      "first_injection": 0.8,
      "sustained_engagement": 0.75
    },
    "cascade_completion": 0.21068100000000003,
    "incarceration_survival": 0.7737809374999998,
    "p_r0_zero": 0.16302094169343748,
    "snr": 9180.0,
    "in_training_set": true
  },
  "disparity_fold": Infinity,
  "stochastic_avoidance": {
    "median_years_to_outbreak": 4.0,
    "mean_years_to_outbreak": 5.449839859489617,
    "std_years": 4.673793228200334,
    "p10_years": 0.0,
    "p25_years": 2.0,
    "p75_years": 8.0,
    "p90_years": 13.0,
    "probability_outbreak_5_years": 0.5909701415435479,
    "probability_outbreak_10_years": 0.8404793883665668,
    "probability_no_outbreak": 0.0321
  }
}