NATIONAL FORECAST SUMMARY
Metric,Value
n_simulations,2000
n_outbreaks,1943
outbreak_rate,0.9715
median_years_to_outbreak,3.0
mean_years_to_outbreak,3.7920741121976325
std_years,3.709746932931708
p10_years,0.0
p25_years,1.0
p75_years,6.0
p90_years,9.0
p_outbreak_5yr,0.7380339680905815
p_outbreak_10yr,0.9274318064848173

REGIONAL COMPARISON
Region,N Simulations,N Outbreaks,Outbreak Rate,Median Years,P(5yr Outbreak)
appalachia,1000,976,0.9760,2.00,0.7838
pacific_northwest,1000,996,0.9960,2.00,0.8635
northeast_urban,1000,988,0.9880,2.00,0.7834
national_average,1000,971,0.9710,3.00,0.7250

SCENARIO COMPARISON
Scenario,P(5yr Outbreak),Median Years to Outbreak,SSP Coverage,OAT Coverage
Current Policy,0.6954,3.00,0.21,0.08
SSP Expansion (50%),0.6764,3.00,0.5,0.08
OAT Expansion (40%),0.7003,3.00,0.21,0.4
Combined SSP+OAT,0.6189,4.00,0.5,0.4
Decriminalization Effect,0.6435,4.00,0.4,0.3
Full Harm Reduction,0.5082,5.00,0.8,0.6

PROBABILISTIC SENSITIVITY ANALYSIS (PSA)
Outcome,Mean,90% CI Lower (p5),90% CI Upper (p95)
p_outbreak_5yr,0.7305,0.6353,0.8200
p_outbreak_10yr,0.9252,0.8699,0.9697
median_years_to_outbreak,2.7820,2.0000,4.0000
