{
  "timestamp": "2025-12-29T09:30:52.715104",
  "model_parameters": {
    "literature_params": {
      "global_pwid_population": 15600000,
      "global_pwid_hiv_prevalence": 0.178,
      "us_pwid_population": 3500000,
      "meth_hr_hiv_seroconversion": 1.46,
      "meth_persistent_aor": 7.11,
      "meth_opioid_coue_2012": 0.043,
      "meth_opioid_couse_2018": 0.143,
      "criminalization_negative_effect_rate": 0.8,
      "incarceration_hiv_rr": 1.81,
      "pwid_stigma_experienced": 0.88,
      "pwid_stigma_affecting_care": 0.78,
      "rural_pwid_stigma": 0.62,
      "unstable_housing_hiv_arr": 1.39,
      "pwid_homelessness_rate": 0.685,
      "pwid_prep_uptake": 0.015,
      "global_pwid_art_coverage": 0.04,
      "who_required_syringes_per_pwid": 200,
      "actual_syringes_per_pwid": 22,
      "who_required_oat_coverage": 0.4,
      "actual_oat_coverage": 0.08,
      "cab_la_insti_resistance_rate": 0.63,
      "cab_la_detection_delay_median_days": 98,
      "vulnerable_us_counties": 220,
      "vulnerable_counties_with_ssp": 0.21,
      "scott_county_cases": 215,
      "massachusetts_cases": 180,
      "cabell_county_cases": 82,
      "kanawha_county_cases": 85,
      "baseline_annual_outbreak_prob": 0.03,
      "covid_disruption_outbreak_prob": 0.25,
      "high_risk_outbreak_prob": 0.33
    }
  },
  "cascade_results": [
    {
      "scenario": "Current Policy",
      "n_individuals": 100000,
      "years": 5,
      "achieved_r0_zero": 3,
      "completed_cascade": 5,
      "incarceration_disrupted": 2,
      "step_failure_counts": {
        "awareness": 89989,
        "willingness": 7006,
        "healthcare_access": 1905,
        "disclosure": 848,
        "provider_willing": 158,
        "hiv_testing_adequate": 51,
        "first_injection": 22,
        "sustained_engagement": 16
      },
      "layer_failure_counts": {
        "pathogen_biology": 0,
        "hiv_testing": 0,
        "architectural": 0
      },
      "step_probabilities": {
        "awareness": 0.09999999999999995,
        "willingness": 0.3000000000000001,
        "healthcare_access": 0.35,
        "disclosure": 0.24999999999999997,
        "provider_willing": 0.35,
        "hiv_testing_adequate": 0.44999999999999996,
        "first_injection": 0.44999999999999996,
        "sustained_engagement": 0.24999999999999994
      },
      "barrier_attribution_totals": {
        "pathogen_biology": 0.0,
        "hiv_testing": 0.25,
        "policy": 1.4000000000000001,
        "stigma": 0.75,
        "infrastructure": 0.8,
        "research_exclusion": 0.15000000000000002,
        "machine_learning": 0.3
      },
      "theoretical_cascade_probability": 4.6511718749999956e-05,
      "incarceration_survival_probability": 0.16806999999999994,
      "theoretical_r0_zero_probability": 7.81722457031249e-06,
      "observed_r0_zero_rate": 3e-05,
      "observed_cascade_completion_rate": 5e-05,
      "r0_zero_95ci": [
        0.0,
        6.394768660159335e-05
      ],
      "barrier_decomposition_pct": {
        "pathogen_biology": 0.0,
        "hiv_testing": 6.8493150684931505,
        "policy": 38.35616438356165,
        "stigma": 20.547945205479454,
        "infrastructure": 21.917808219178085,
        "research_exclusion": 4.109589041095891,
        "machine_learning": 8.21917808219178
      },
      "three_layer_decomposition": {
        "pathogen_biology": 0.0,
        "hiv_testing": 6.8493150684931505,
        "architectural": 93.15068493150685
      }
    },
    {
      "scenario": "Decriminalization Only",
      "n_individuals": 100000,
      "years": 5,
      "achieved_r0_zero": 198,
      "completed_cascade": 304,
      "incarceration_disrupted": 106,
      "step_failure_counts": {
        "awareness": 64926,
        "willingness": 12468,
        "healthcare_access": 12463,
        "disclosure": 4564,
        "provider_willing": 3313,
        "hiv_testing_adequate": 1091,
        "first_injection": 528,
        "sustained_engagement": 343
      },
      "layer_failure_counts": {
        "pathogen_biology": 0,
        "hiv_testing": 0,
        "architectural": 0
      },
      "step_probabilities": {
        "awareness": 0.34999999999999987,
        "willingness": 0.65,
        "healthcare_access": 0.44999999999999996,
        "disclosure": 0.5499999999999999,
        "provider_willing": 0.4,
        "hiv_testing_adequate": 0.5,
        "first_injection": 0.5499999999999999,
        "sustained_engagement": 0.45
      },
      "barrier_attribution_totals": {
        "pathogen_biology": 0.0,
        "hiv_testing": 0.25,
        "policy": 0.0,
        "stigma": 0.75,
        "infrastructure": 0.8,
        "research_exclusion": 0.15000000000000002,
        "machine_learning": 0.3
      },
      "theoretical_cascade_probability": 0.0027871593749999985,
      "incarceration_survival_probability": 0.6240321451000002,
      "theoretical_r0_zero_probability": 0.0017392770435168247,
      "observed_r0_zero_rate": 0.00198,
      "observed_cascade_completion_rate": 0.00304,
      "r0_zero_95ci": [
        0.0017044767270926102,
        0.00225552327290739
      ],
      "barrier_decomposition_pct": {
        "pathogen_biology": 0.0,
        "hiv_testing": 11.11111111111111,
        "policy": 0.0,
        "stigma": 33.33333333333333,
        "infrastructure": 35.55555555555556,
        "research_exclusion": 6.666666666666668,
        "machine_learning": 13.333333333333334
      },
      "three_layer_decomposition": {
        "pathogen_biology": 0.0,
        "hiv_testing": 11.11111111111111,
        "architectural": 88.88888888888889
      }
    },
    {
      "scenario": "Decrim + Stigma Reduction",
      "n_individuals": 100000,
      "years": 5,
      "achieved_r0_zero": 454,
      "completed_cascade": 763,
      "incarceration_disrupted": 309,
      "step_failure_counts": {
        "awareness": 62089,
        "willingness": 10817,
        "healthcare_access": 13779,
        "disclosure": 4687,
        "provider_willing": 3768,
        "hiv_testing_adequate": 2380,
        "first_injection": 987,
        "sustained_engagement": 730
      },
      "layer_failure_counts": {
        "pathogen_biology": 0,
        "hiv_testing": 0,
        "architectural": 0
      },
      "step_probabilities": {
        "awareness": 0.38249999999999995,
        "willingness": 0.715,
        "healthcare_access": 0.48250000000000004,
        "disclosure": 0.6475,
        "provider_willing": 0.5625,
        "hiv_testing_adequate": 0.5,
        "first_injection": 0.5825,
        "sustained_engagement": 0.5149999999999999
      },
      "barrier_attribution_totals": {
        "pathogen_biology": 0.0,
        "hiv_testing": 0.25,
        "policy": 0.0,
        "stigma": 0.26249999999999996,
        "infrastructure": 0.8,
        "research_exclusion": 0.15000000000000002,
        "machine_learning": 0.3
      },
      "theoretical_cascade_probability": 0.007208920922175382,
      "incarceration_survival_probability": 0.6240321451000002,
      "theoretical_r0_zero_probability": 0.004498598386921375,
      "observed_r0_zero_rate": 0.00454,
      "observed_cascade_completion_rate": 0.00763,
      "r0_zero_95ci": [
        0.004123326476993798,
        0.004956673523006202
      ],
      "barrier_decomposition_pct": {
        "pathogen_biology": 0.0,
        "hiv_testing": 14.184397163120568,
        "policy": 0.0,
        "stigma": 14.893617021276592,
        "infrastructure": 45.39007092198582,
        "research_exclusion": 8.510638297872342,
        "machine_learning": 17.02127659574468
      },
      "three_layer_decomposition": {
        "pathogen_biology": 0.0,
        "hiv_testing": 14.184397163120568,
        "architectural": 85.81560283687944
      }
    },
    {
      "scenario": "SSP-Integrated Delivery",
      "n_individuals": 100000,
      "years": 5,
      "achieved_r0_zero": 5004,
      "completed_cascade": 7994,
      "incarceration_disrupted": 2990,
      "step_failure_counts": {
        "awareness": 33722,
        "willingness": 11898,
        "healthcare_access": 8239,
        "disclosure": 16009,
        "provider_willing": 12725,
        "hiv_testing_adequate": 5642,
        "first_injection": 399,
        "sustained_engagement": 3372
      },
      "layer_failure_counts": {
        "pathogen_biology": 0,
        "hiv_testing": 0,
        "architectural": 0
      },
      "step_probabilities": {
        "awareness": 0.6625,
        "willingness": 0.82,
        "healthcare_access": 0.8475,
        "disclosure": 0.6549999999999999,
        "provider_willing": 0.575,
        "hiv_testing_adequate": 0.6775,
        "first_injection": 0.9625,
        "sustained_engagement": 0.7049999999999998
      },
      "barrier_attribution_totals": {
        "pathogen_biology": 0.0,
        "hiv_testing": 0.2,
        "policy": 0.0,
        "stigma": 0.22500000000000003,
        "infrastructure": 0.11999999999999998,
        "research_exclusion": 0.15000000000000002,
        "machine_learning": 0.3
      },
      "theoretical_cascade_probability": 0.07971641166946426,
      "incarceration_survival_probability": 0.6240321451000002,
      "theoretical_r0_zero_probability": 0.049745603373770465,
      "observed_r0_zero_rate": 0.05004,
      "observed_cascade_completion_rate": 0.07994,
      "r0_zero_95ci": [
        0.04868865144594949,
        0.05139134855405051
      ],
      "barrier_decomposition_pct": {
        "pathogen_biology": 0.0,
        "hiv_testing": 20.100502512562812,
        "policy": 0.0,
        "stigma": 22.613065326633166,
        "infrastructure": 12.060301507537686,
        "research_exclusion": 15.075376884422113,
        "machine_learning": 30.15075376884422
      },
      "three_layer_decomposition": {
        "pathogen_biology": 0.0,
        "hiv_testing": 20.100502512562812,
        "architectural": 79.89949748743717
      }
    },
    {
      "scenario": "Full Harm Reduction",
      "n_individuals": 100000,
      "years": 5,
      "achieved_r0_zero": 9552,
      "completed_cascade": 9552,
      "incarceration_disrupted": 0,
      "step_failure_counts": {
        "awareness": 32940,
        "willingness": 11042,
        "healthcare_access": 8043,
        "disclosure": 15380,
        "provider_willing": 12387,
        "hiv_testing_adequate": 6479,
        "first_injection": 387,
        "sustained_engagement": 3790
      },
      "layer_failure_counts": {
        "pathogen_biology": 0,
        "hiv_testing": 0,
        "architectural": 0
      },
      "step_probabilities": {
        "awareness": 0.6705,
        "willingness": 0.836,
        "healthcare_access": 0.8555,
        "disclosure": 0.6789999999999999,
        "provider_willing": 0.615,
        "hiv_testing_adequate": 0.6775,
        "first_injection": 0.9705,
        "sustained_engagement": 0.7209999999999999
      },
      "barrier_attribution_totals": {
        "pathogen_biology": 0.0,
        "hiv_testing": 0.2,
        "policy": 0.0,
        "stigma": 0.10499999999999997,
        "infrastructure": 0.11999999999999998,
        "research_exclusion": 0.15000000000000002,
        "machine_learning": 0.3
      },
      "theoretical_cascade_probability": 0.09493143975566562,
      "incarceration_survival_probability": 1.0,
      "theoretical_r0_zero_probability": 0.09493143975566562,
      "observed_r0_zero_rate": 0.09552,
      "observed_cascade_completion_rate": 0.09552,
      "r0_zero_95ci": [
        0.09369819154917054,
        0.09734180845082945
      ],
      "barrier_decomposition_pct": {
        "pathogen_biology": 0.0,
        "hiv_testing": 22.857142857142858,
        "policy": 0.0,
        "stigma": 11.999999999999996,
        "infrastructure": 13.714285714285712,
        "research_exclusion": 17.142857142857146,
        "machine_learning": 34.285714285714285
      },
      "three_layer_decomposition": {
        "pathogen_biology": 0.0,
        "hiv_testing": 22.857142857142858,
        "architectural": 77.14285714285714
      }
    },
    {
      "scenario": "Full HR + PURPOSE-4 Data",
      "n_individuals": 100000,
      "years": 5,
      "achieved_r0_zero": 11872,
      "completed_cascade": 11872,
      "incarceration_disrupted": 0,
      "step_failure_counts": {
        "awareness": 28201,
        "willingness": 11725,
        "healthcare_access": 8718,
        "disclosure": 16421,
        "provider_willing": 9852,
        "hiv_testing_adequate": 8099,
        "first_injection": 494,
        "sustained_engagement": 4618
      },
      "layer_failure_counts": {
        "pathogen_biology": 0,
        "hiv_testing": 0,
        "architectural": 0
      },
      "step_probabilities": {
        "awareness": 0.7205,
        "willingness": 0.836,
        "healthcare_access": 0.8555,
        "disclosure": 0.6789999999999999,
        "provider_willing": 0.715,
        "hiv_testing_adequate": 0.6775,
        "first_injection": 0.9705,
        "sustained_engagement": 0.7209999999999999
      },
      "barrier_attribution_totals": {
        "pathogen_biology": 0.0,
        "hiv_testing": 0.2,
        "policy": 0.0,
        "stigma": 0.10499999999999997,
        "infrastructure": 0.11999999999999998,
        "research_exclusion": 0.0,
        "machine_learning": 0.3
      },
      "theoretical_cascade_probability": 0.11859768083745126,
      "incarceration_survival_probability": 1.0,
      "theoretical_r0_zero_probability": 0.11859768083745126,
      "observed_r0_zero_rate": 0.11872,
      "observed_cascade_completion_rate": 0.11872,
      "r0_zero_95ci": [
        0.11671518190989168,
        0.12072481809010834
      ],
      "barrier_decomposition_pct": {
        "pathogen_biology": 0.0,
        "hiv_testing": 27.586206896551722,
        "policy": 0.0,
        "stigma": 14.482758620689651,
        "infrastructure": 16.551724137931032,
        "research_exclusion": 0.0,
        "machine_learning": 41.37931034482759
      },
      "three_layer_decomposition": {
        "pathogen_biology": 0.0,
        "hiv_testing": 27.586206896551722,
        "architectural": 72.41379310344827
      }
    },
    {
      "scenario": "Full HR + Algorithmic Debiasing",
      "n_individuals": 100000,
      "years": 5,
      "achieved_r0_zero": 18569,
      "completed_cascade": 18569,
      "incarceration_disrupted": 0,
      "step_failure_counts": {
        "awareness": 17613,
        "willingness": 8805,
        "healthcare_access": 10396,
        "disclosure": 19680,
        "provider_willing": 7280,
        "hiv_testing_adequate": 11730,
        "first_injection": 626,
        "sustained_engagement": 5301
      },
      "layer_failure_counts": {
        "pathogen_biology": 0,
        "hiv_testing": 0,
        "architectural": 0
      },
      "step_probabilities": {
        "awareness": 0.8240000000000001,
        "willingness": 0.893,
        "healthcare_access": 0.8590000000000001,
        "disclosure": 0.6895,
        "provider_willing": 0.8325,
        "hiv_testing_adequate": 0.6775,
        "first_injection": 0.9740000000000001,
        "sustained_engagement": 0.7779999999999999
      },
      "barrier_attribution_totals": {
        "pathogen_biology": 0.0,
        "hiv_testing": 0.2,
        "policy": 0.0,
        "stigma": 0.052499999999999984,
        "infrastructure": 0.11999999999999998,
        "research_exclusion": 0.0,
        "machine_learning": 0.0
      },
      "theoretical_cascade_probability": 0.18626797814569712,
      "incarceration_survival_probability": 1.0,
      "theoretical_r0_zero_probability": 0.18626797814569712,
      "observed_r0_zero_rate": 0.18569,
      "observed_cascade_completion_rate": 0.18569,
      "r0_zero_95ci": [
        0.1832798436678625,
        0.18810015633213747
      ],
      "barrier_decomposition_pct": {
        "pathogen_biology": 0.0,
        "hiv_testing": 53.691275167785236,
        "policy": 0.0,
        "stigma": 14.09395973154362,
        "infrastructure": 32.21476510067114,
        "research_exclusion": 0.0,
        "machine_learning": 0.0
      },
      "three_layer_decomposition": {
        "pathogen_biology": 0.0,
        "hiv_testing": 53.691275167785236,
        "architectural": 46.30872483221476
      }
    },
    {
      "scenario": "Theoretical Maximum",
      "n_individuals": 100000,
      "years": 5,
      "achieved_r0_zero": 19737,
      "completed_cascade": 19737,
      "incarceration_disrupted": 0,
      "step_failure_counts": {
        "awareness": 17140,
        "willingness": 8299,
        "healthcare_access": 10256,
        "disclosure": 19349,
        "provider_willing": 6779,
        "hiv_testing_adequate": 12376,
        "first_injection": 624,
        "sustained_engagement": 5440
      },
      "layer_failure_counts": {
        "pathogen_biology": 0,
        "hiv_testing": 0,
        "architectural": 0
      },
      "step_probabilities": {
        "awareness": 0.8275,
        "willingness": 0.9,
        "healthcare_access": 0.8625,
        "disclosure": 0.7,
        "provider_willing": 0.85,
        "hiv_testing_adequate": 0.6775,
        "first_injection": 0.9775,
        "sustained_engagement": 0.7849999999999999
      },
      "barrier_attribution_totals": {
        "pathogen_biology": 0.0,
        "hiv_testing": 0.2,
        "policy": 0.0,
        "stigma": 0.0,
        "infrastructure": 0.11999999999999998,
        "research_exclusion": 0.0,
        "machine_learning": 0.0
      },
      "theoretical_cascade_probability": 0.19869287950879544,
      "incarceration_survival_probability": 1.0,
      "theoretical_r0_zero_probability": 0.19869287950879544,
      "observed_r0_zero_rate": 0.19737,
      "observed_cascade_completion_rate": 0.19737,
      "r0_zero_95ci": [
        0.19490308414566496,
        0.19983691585433502
      ],
      "barrier_decomposition_pct": {
        "pathogen_biology": 0.0,
        "hiv_testing": 62.5,
        "policy": 0.0,
        "stigma": 0.0,
        "infrastructure": 37.49999999999999,
        "research_exclusion": 0.0,
        "machine_learning": 0.0
      },
      "three_layer_decomposition": {
        "pathogen_biology": 0.0,
        "hiv_testing": 62.5,
        "architectural": 37.49999999999999
      }
    }
  ],
  "msm_comparison": {
    "population": "MSM",
    "cascade_steps": {
      "awareness": 0.9,
      "willingness": 0.85,
      "healthcare_access": 0.8,
      "disclosure": 0.75,
      "provider_willing": 0.9,
      "hiv_testing_adequate": 0.85,
      "first_injection": 0.8,
      "sustained_engagement": 0.75
    },
    "cascade_completion": 0.21068100000000003,
    "incarceration_survival": 0.7737809374999998,
    "p_r0_zero": 0.16302094169343748,
    "snr": 9180.0,
    "in_training_set": true
  },
  "disparity_fold": 5434.031389781249,
  "stochastic_avoidance": {
    "median_years_to_outbreak": 4.0,
    "mean_years_to_outbreak": 4.897923698476015,
    "std_years": 4.361586339212271,
    "p10_years": 0.0,
    "p25_years": 1.0,
    "p75_years": 7.0,
    "p90_years": 11.0,
    "probability_outbreak_5_years": 0.6326071392042549,
    "probability_outbreak_10_years": 0.8750127851079064,
    "probability_no_outbreak": 0.0223
  }
}