Scenario,Achieved R0=0,Completed Cascade,Incarceration Disrupted,Observed R0=0 Rate,Observed Cascade Rate,95% CI Lower,95% CI Upper
Current Policy,0,5,5,0.000000,0.000050,0.000000,0.000000
Decriminalization Only,145,234,89,0.001450,0.002340,0.001214,0.001686
Decrim + Stigma Reduction,440,721,281,0.004400,0.007210,0.003990,0.004810
SSP-Integrated Delivery,4384,7043,2659,0.043840,0.070430,0.042571,0.045109
Full Harm Reduction,9432,9432,0,0.094320,0.094320,0.092508,0.096132
Full HR + PURPOSE-4 Data,11865,11865,0,0.118650,0.118650,0.116646,0.120654
Full HR + Algorithmic Debiasing,17468,17468,0,0.174680,0.174680,0.172327,0.177033
Theoretical Maximum,19894,19894,0,0.198940,0.198940,0.196466,0.201414

MSM Comparison,,,,0.163021,0.210681,N/A,N/A

Barrier Decomposition (Current Policy),Percentage (%)
Pathogen Biology,0.00
Hiv Testing,6.85
Architectural,93.15

Architectural Subtypes,Percentage (%)
Policy,38.36
Stigma,20.55
Infrastructure,21.92
Research Exclusion,4.11
Machine Learning,8.22
